{
    "name": "root",
    "gauges": {
        "MoveToTarget.Policy.Entropy.mean": {
            "value": 1.4159815311431885,
            "min": 1.4159815311431885,
            "max": 1.4202635288238525,
            "count": 2
        },
        "MoveToTarget.Policy.Entropy.sum": {
            "value": 70460.65625,
            "min": 70460.65625,
            "max": 71542.9375,
            "count": 2
        },
        "MoveToTarget.Environment.EpisodeLength.mean": {
            "value": 41.47694886839899,
            "min": 41.47694886839899,
            "max": 86.64476021314387,
            "count": 2
        },
        "MoveToTarget.Environment.EpisodeLength.sum": {
            "value": 49482.0,
            "min": 48781.0,
            "max": 49482.0,
            "count": 2
        },
        "MoveToTarget.Step.mean": {
            "value": 99999.0,
            "min": 49996.0,
            "max": 99999.0,
            "count": 2
        },
        "MoveToTarget.Step.sum": {
            "value": 99999.0,
            "min": 49996.0,
            "max": 99999.0,
            "count": 2
        },
        "MoveToTarget.Policy.ExtrinsicValueEstimate.mean": {
            "value": 5.539802074432373,
            "min": 0.0997292622923851,
            "max": 5.539802074432373,
            "count": 2
        },
        "MoveToTarget.Policy.ExtrinsicValueEstimate.sum": {
            "value": 7456.57373046875,
            "min": 107.30868530273438,
            "max": 7456.57373046875,
            "count": 2
        },
        "MoveToTarget.Environment.CumulativeReward.mean": {
            "value": 9.979882648784576,
            "min": 0.7117437722419929,
            "max": 9.979882648784576,
            "count": 2
        },
        "MoveToTarget.Environment.CumulativeReward.sum": {
            "value": 11906.0,
            "min": 400.0,
            "max": 11906.0,
            "count": 2
        },
        "MoveToTarget.Policy.ExtrinsicReward.mean": {
            "value": 9.979882648784576,
            "min": 0.7117437722419929,
            "max": 9.979882648784576,
            "count": 2
        },
        "MoveToTarget.Policy.ExtrinsicReward.sum": {
            "value": 11906.0,
            "min": 400.0,
            "max": 11906.0,
            "count": 2
        },
        "MoveToTarget.Losses.PolicyLoss.mean": {
            "value": 0.025236189976955453,
            "min": 0.023535886003325384,
            "max": 0.025236189976955453,
            "count": 2
        },
        "MoveToTarget.Losses.PolicyLoss.sum": {
            "value": 0.12618094988477727,
            "min": 0.09414354401330154,
            "max": 0.12618094988477727,
            "count": 2
        },
        "MoveToTarget.Losses.ValueLoss.mean": {
            "value": 2.190132726430893,
            "min": 0.8358923273781935,
            "max": 2.190132726430893,
            "count": 2
        },
        "MoveToTarget.Losses.ValueLoss.sum": {
            "value": 10.950663632154464,
            "min": 3.343569309512774,
            "max": 10.950663632154464,
            "count": 2
        },
        "MoveToTarget.Policy.LearningRate.mean": {
            "value": 0.00025688269437243997,
            "min": 0.00025688269437243997,
            "max": 0.0002845824051392,
            "count": 2
        },
        "MoveToTarget.Policy.LearningRate.sum": {
            "value": 0.0012844134718621998,
            "min": 0.0011383296205568,
            "max": 0.0012844134718621998,
            "count": 2
        },
        "MoveToTarget.Policy.Epsilon.mean": {
            "value": 0.18562755999999997,
            "min": 0.18562755999999997,
            "max": 0.1948608,
            "count": 2
        },
        "MoveToTarget.Policy.Epsilon.sum": {
            "value": 0.9281377999999999,
            "min": 0.7794432,
            "max": 0.9281377999999999,
            "count": 2
        },
        "MoveToTarget.Policy.Beta.mean": {
            "value": 0.0042828152440000005,
            "min": 0.0042828152440000005,
            "max": 0.00474355392,
            "count": 2
        },
        "MoveToTarget.Policy.Beta.sum": {
            "value": 0.02141407622,
            "min": 0.01897421568,
            "max": 0.02141407622,
            "count": 2
        },
        "MoveToTarget.IsTraining.mean": {
            "value": 1.0,
            "min": 1.0,
            "max": 1.0,
            "count": 2
        },
        "MoveToTarget.IsTraining.sum": {
            "value": 1.0,
            "min": 1.0,
            "max": 1.0,
            "count": 2
        }
    },
    "metadata": {
        "timer_format_version": "0.1.0",
        "start_time_seconds": "1729501733",
        "python_version": "3.9.13 (tags/v3.9.13:6de2ca5, May 17 2022, 16:36:42) [MSC v.1929 64 bit (AMD64)]",
        "command_line_arguments": "C:\\Users\\jproano2023\\ML Agents project\\venv\\Scripts\\mlagents-learn --run-id=Test6",
        "mlagents_version": "0.30.0",
        "mlagents_envs_version": "0.30.0",
        "communication_protocol_version": "1.5.0",
        "pytorch_version": "2.5.0+cpu",
        "numpy_version": "1.21.2",
        "end_time_seconds": "1729501905"
    },
    "total": 172.7828147,
    "count": 1,
    "self": 0.005750200000022687,
    "children": {
        "run_training.setup": {
            "total": 0.049844299999999286,
            "count": 1,
            "self": 0.049844299999999286
        },
        "TrainerController.start_learning": {
            "total": 172.72722019999998,
            "count": 1,
            "self": 0.1509273999993752,
            "children": {
                "TrainerController._reset_env": {
                    "total": 20.8892966,
                    "count": 1,
                    "self": 20.8892966
                },
                "TrainerController.advance": {
                    "total": 149.6831061000006,
                    "count": 14658,
                    "self": 0.1569618000005164,
                    "children": {
                        "env_step": {
                            "total": 131.8363960000002,
                            "count": 14658,
                            "self": 126.1531254999995,
                            "children": {
                                "SubprocessEnvManager._take_step": {
                                    "total": 5.5832528000007535,
                                    "count": 14658,
                                    "self": 0.4232372000003046,
                                    "children": {
                                        "TorchPolicy.evaluate": {
                                            "total": 5.160015600000449,
                                            "count": 12874,
                                            "self": 5.160015600000449
                                        }
                                    }
                                },
                                "workers": {
                                    "total": 0.10001769999994181,
                                    "count": 14657,
                                    "self": 0.0,
                                    "children": {
                                        "worker_root": {
                                            "total": 89.08213180000025,
                                            "count": 14657,
                                            "is_parallel": true,
                                            "self": 34.30281220000071,
                                            "children": {
                                                "steps_from_proto": {
                                                    "total": 0.00032879999999835263,
                                                    "count": 1,
                                                    "is_parallel": true,
                                                    "self": 0.00010019999999855145,