{
    "name": "root",
    "metadata": {
        "timer_format_version": "0.1.0",
        "start_time_seconds": "1729502367",
        "python_version": "3.9.13 (tags/v3.9.13:6de2ca5, May 17 2022, 16:36:42) [MSC v.1929 64 bit (AMD64)]",
        "command_line_arguments": "C:\\Users\\jproano2023\\ML Agents project\\venv\\Scripts\\mlagents-learn --run-id=Test10",
        "mlagents_version": "0.30.0",
        "mlagents_envs_version": "0.30.0",
        "communication_protocol_version": "1.5.0",
        "pytorch_version": "2.5.0+cpu",
        "numpy_version": "1.21.2",
        "end_time_seconds": "1729502393"
    },
    "total": 26.3053607,
    "count": 1,
    "self": 0.004787099999997935,
    "children": {
        "run_training.setup": {
            "total": 0.03603669999999992,
            "count": 1,
            "self": 0.03603669999999992
        },
        "TrainerController.start_learning": {
            "total": 26.264536900000003,
            "count": 1,
            "self": 0.02767030000005022,
            "children": {
                "TrainerController._reset_env": {
                    "total": 10.8389237,
                    "count": 1,
                    "self": 10.8389237
                },
                "TrainerController.advance": {
                    "total": 15.33169469999995,
                    "count": 2293,
                    "self": 0.026436999999951638,
                    "children": {
                        "env_step": {
                            "total": 13.167699399999947,
                            "count": 2293,
                            "self": 12.124950300000116,
                            "children": {
                                "SubprocessEnvManager._take_step": {
                                    "total": 1.0255614999999132,
                                    "count": 2293,
                                    "self": 0.08005009999993185,
                                    "children": {
                                        "TorchPolicy.evaluate": {
                                            "total": 0.9455113999999814,
                                            "count": 2211,
                                            "self": 0.9455113999999814
                                        }
                                    }
                                },
                                "workers": {
                                    "total": 0.017187599999918035,
                                    "count": 2292,
                                    "self": 0.0,
                                    "children": {
                                        "worker_root": {
                                            "total": 10.754725200000003,
                                            "count": 2292,
                                            "is_parallel": true,
                                            "self": 6.159539300000002,
                                            "children": {
                                                "steps_from_proto": {
                                                    "total": 0.00037330000000146413,
                                                    "count": 1,
                                                    "is_parallel": true,
                                                    "self": 0.00013030000000036068,
                                                    "children": {
                                                        "_process_rank_one_or_two_observation": {
                                                            "total": 0.00024300000000110344,
                                                            "count": 2,
                                                            "is_parallel": true,
                                                            "self": 0.00024300000000110344
                                                        }
                                                    }
                                                },
                                                "UnityEnvironment.step": {
                                                    "total": 4.594812599999999,
                                                    "count": 2292,
                                                    "is_parallel": true,
                                                    "self": 0.14525199999999572,
                                                    "children": {
                                                        "UnityEnvironment._generate_step_input": {
                                                            "total": 0.22472199999999454,
                                                            "count": 2292,
                                                            "is_parallel": true,
                                                            "self": 0.22472199999999454
                                                        },
                                                        "communicator.exchange": {
                                                            "total": 3.9001901000000725,
                                                            "count": 2292,
                                                            "is_parallel": true,
                                                            "self": 3.9001901000000725
                                                        },
                                                        "steps_from_proto": {
                                                            "total": 0.3246484999999364,
                                                            "count": 2292,
                                                            "is_parallel": true,
                                                            "self": 0.15119809999988654,
                                                            "children": {
                                                                "_process_rank_one_or_two_observation": {
                                                                    "total": 0.17345040000004985,
                                                                    "count": 4584,
                                                                    "is_parallel": true,
                                                                    "self": 0.17345040000004985
                                                                }
                                                            }
                                                        }
                                                    }
                                                }
                                            }
                                        }
                                    }
                                }
                            }
                        },
                        "trainer_advance": {
                            "total": 2.1375583000000518,
                            "count": 2292,
                            "self": 0.0322701000001171,
                            "children": {
                                "process_trajectory": {
                                    "total": 0.8916249999999355,
                                    "count": 2292,
                                    "self": 0.8916249999999355
                                },
                                "_update_policy": {
                                    "total": 1.2136631999999992,
                                    "count": 1,
                                    "self": 0.978134899999997,
                                    "children": {
                                        "TorchPPOOptimizer.update": {
                                            "total": 0.23552830000000213,
                                            "count": 30,